<annotation>
	<folder>glass</folder>
	<filename>glass6.jpg</filename>
	<path>/Users/nicholas/Documents/SoftwareProjects/NoCoders/life-hack22-nocoders/recyclables_dataset/glass/glass6.jpg</path>
	<source>
		<database>Unknown</database>
	</source>
	<size>
		<width>512</width>
		<height>384</height>
		<depth>3</depth>
	</size>
	<segmented>0</segmented>
	<object>
		<name>glass</name>
		<pose>Unspecified</pose>
		<truncated>0</truncated>
		<difficult>0</difficult>
		<bndbox>
			<xmin>190</xmin>
			<ymin>56</ymin>
			<xmax>347</xmax>
			<ymax>298</ymax>
		</bndbox>
	</object>
</annotation>
