<annotation>
	<folder>paper</folder>
	<filename>paper6.jpg</filename>
	<path>/Users/nicholas/Documents/SoftwareProjects/NoCoders/life-hack22-nocoders/recyclables_dataset/paper/paper6.jpg</path>
	<source>
		<database>Unknown</database>
	</source>
	<size>
		<width>512</width>
		<height>384</height>
		<depth>3</depth>
	</size>
	<segmented>0</segmented>
	<object>
		<name>paper</name>
		<pose>Unspecified</pose>
		<truncated>1</truncated>
		<difficult>0</difficult>
		<bndbox>
			<xmin>116</xmin>
			<ymin>4</ymin>
			<xmax>512</xmax>
			<ymax>384</ymax>
		</bndbox>
	</object>
</annotation>
