<annotation>
	<folder>trash</folder>
	<filename>trash79.jpg</filename>
	<path>/Users/nicholas/Documents/SoftwareProjects/NoCoders/life-hack22-nocoders/recyclables_dataset/trash/trash79.jpg</path>
	<source>
		<database>Unknown</database>
	</source>
	<size>
		<width>512</width>
		<height>384</height>
		<depth>3</depth>
	</size>
	<segmented>0</segmented>
	<object>
		<name>trash</name>
		<pose>Unspecified</pose>
		<truncated>0</truncated>
		<difficult>0</difficult>
		<bndbox>
			<xmin>139</xmin>
			<ymin>58</ymin>
			<xmax>360</xmax>
			<ymax>318</ymax>
		</bndbox>
	</object>
</annotation>
