<annotation>
	<folder>trash</folder>
	<filename>trash52.jpg</filename>
	<path>/Users/nicholas/Documents/SoftwareProjects/NoCoders/life-hack22-nocoders/recyclables_dataset/trash/trash52.jpg</path>
	<source>
		<database>Unknown</database>
	</source>
	<size>
		<width>512</width>
		<height>384</height>
		<depth>3</depth>
	</size>
	<segmented>0</segmented>
	<object>
		<name>trash</name>
		<pose>Unspecified</pose>
		<truncated>1</truncated>
		<difficult>0</difficult>
		<bndbox>
			<xmin>17</xmin>
			<ymin>66</ymin>
			<xmax>512</xmax>
			<ymax>359</ymax>
		</bndbox>
	</object>
</annotation>
