<annotation>
	<folder>trash</folder>
	<filename>trash69.jpg</filename>
	<path>/Users/nicholas/Documents/SoftwareProjects/NoCoders/life-hack22-nocoders/recyclables_dataset/trash/trash69.jpg</path>
	<source>
		<database>Unknown</database>
	</source>
	<size>
		<width>512</width>
		<height>384</height>
		<depth>3</depth>
	</size>
	<segmented>0</segmented>
	<object>
		<name>trash</name>
		<pose>Unspecified</pose>
		<truncated>0</truncated>
		<difficult>0</difficult>
		<bndbox>
			<xmin>66</xmin>
			<ymin>33</ymin>
			<xmax>390</xmax>
			<ymax>321</ymax>
		</bndbox>
	</object>
</annotation>
